type,value,context,evidence
domain,tckmaliyesorgula[.]com,Government and e-Devlet impersonation pages,01;02;28;29
ipv4,217[.]60[.]195[.]104,Service IP associated during the investigation; not operator attribution,01;08;10;12
url,hxxp[://]tckmaliyesorgula[.]com/giris.php,Identity and password form,17;30
url,hxxp[://]tckmaliyesorgula[.]com/login.php,Form target and POST observed in supplementary Burp captures,17;notes/burp-observations.md
url,hxxp[://]tckmaliyesorgula[.]com/anasayfa.php,Court-themed payment page,19;20;31;32
url,hxxp[://]tckmaliyesorgula[.]com/uploade.php,File submission endpoint defined in client code; upload not tested,19
url,hxxp[://]tckmaliyesorgula[.]com/odemeapis.php,Card-data submission endpoint defined in client code,22;23
url,hxxp[://]tckmaliyesorgula[.]com/sms.php,SMS-code form,18
url,hxxp[://]tckmaliyesorgula[.]com/datach.php,POST flow-control endpoint defined in client code; separate GET did not validate POST behavior,25;26
url,hxxp[://]tckmaliyesorgula[.]com/admin/3d/dmn/login.php,Administrator login interface,27
